-- phpMyAdmin SQL Dump
-- version 5.2.0
-- https://www.phpmyadmin.net/
--
-- Servidor: localhost
-- Tiempo de generación: 10-08-2023 a las 07:44:49
-- Versión del servidor: 8.0.30
-- Versión de PHP: 8.1.10

SET SQL_MODE = "NO_AUTO_VALUE_ON_ZERO";
START TRANSACTION;
SET time_zone = "+00:00";


/*!40101 SET @OLD_CHARACTER_SET_CLIENT=@@CHARACTER_SET_CLIENT */;
/*!40101 SET @OLD_CHARACTER_SET_RESULTS=@@CHARACTER_SET_RESULTS */;
/*!40101 SET @OLD_COLLATION_CONNECTION=@@COLLATION_CONNECTION */;
/*!40101 SET NAMES utf8mb4 */;

--
-- Base de datos: `desis`
--

-- --------------------------------------------------------

--
-- Estructura de tabla para la tabla `candidatos`
--

CREATE TABLE `candidatos` (
  `id` int NOT NULL,
  `nombre` varchar(100) COLLATE utf8mb3_spanish2_ci NOT NULL,
  `comuna_id` int DEFAULT NULL
) ENGINE=InnoDB DEFAULT CHARSET=utf8mb3 COLLATE=utf8mb3_spanish2_ci;

--
-- Volcado de datos para la tabla `candidatos`
--

INSERT INTO `candidatos` (`id`, `nombre`, `comuna_id`) VALUES
(1, 'Elia Hiervas Nevado', 1),
(2, 'María Cinta Castaño Sousa', 1),
(3, 'Juan Pablo Prado Garzón', 1),
(4, 'María Natividad Villegas Vegas', 2),
(5, 'Angeles Murcia Alcaraz', 2),
(6, 'Agustin Barbero Iniesta', 2),
(7, 'Sara María Diego Peiro', 3),
(8, 'Fernando José Álamo Palau', 3),
(9, 'Ginés Toribio Mínguez', 3),
(10, 'Francesca Estrada Vilches', 4),
(11, 'Aurea Robledo Medrano', 4),
(12, 'María Estrella Carrascosa Cabanillas', 4),
(13, 'Chloe Ureña Cámara', 5),
(14, 'María Victoria Cantos Melero', 5),
(15, 'Estrella Guerrero Alemán', 5),
(16, 'María Estrella Lorente Alcalá', 6),
(17, 'Socorro Ares Otero', 6),
(18, 'Rachida Toledo de Dios', 6),
(19, 'Saúl Nicolás Abril', 7),
(20, 'Juan Fernando Ramón Sebastián', 7),
(21, 'Ernesto Laguna Mas', 7),
(22, 'Adoración Mariño Riera', 8),
(23, 'Alex Tome Gómez', 8),
(24, 'Emilia Infante Coll', 8),
(25, 'Abdeslam Camps Arteaga', 9),
(26, 'María Magdalena Valencia Ares', 9),
(27, 'María Rosario Li Contreras', 9),
(28, 'Antonio José Salazar Mateo', 10),
(29, 'María Araceli Alcaraz Samper', 10),
(30, 'António Miguel Molinero Alcaide', 10),
(31, 'María Angels Espín Cordero', 11),
(32, 'David Abad Fuentes', 11),
(33, 'Uxue Ruz Borras', 11),
(34, 'Sheila Sabater Losada', 12),
(35, 'Alfredo Picazo Varela', 12),
(36, 'Juan Enrique Guerrero Pla', 12),
(37, 'José Joaquín Polo Sola', 13),
(38, 'Martina Gimeno Vilar', 13),
(39, 'Bárbara Martos Nadal', 13),
(40, 'Melania Arranz Castro', 14),
(41, 'Lorena Diop Lloret', 14),
(42, 'Noemí Rosell Matas', 14),
(43, 'Joaquina Pizarro Verdú', 15),
(44, 'Octávio Noguera Ros', 15),
(45, 'Aida Castellanos Santamaría', 15),
(46, 'Francisco Asis Solé Santamaría', 16),
(47, 'Eduard Barbosa Ayuso', 16),
(48, 'Sandra María Ruz Duque', 16),
(49, 'Jesús Antonio Sastre Arrieta', 17),
(50, 'Iria Luque Elvira', 17),
(51, 'Consuelo Conesa Vicente', 17),
(52, 'Francesca Piña Gallardo', 18),
(53, 'Eládio Del Rio Mellado', 18),
(54, 'Darío Nieves Paniagua', 18),
(55, 'Driss Ndiaye Moreira', 19),
(56, 'Francisco Jesús Maya Boix', 19),
(57, 'María Aurora Nicolás Dávila', 19),
(58, 'Mia Escalante Nieves', 20),
(59, 'Ramiro Granado Mejías', 20),
(60, 'Dolors Alcaraz Lobo', 20),
(61, 'Marino Prado Pardo', 21),
(62, 'Jesús Antonio Lucena Salazar', 21),
(63, 'Juan Manuel Lázaro Revilla', 21),
(64, 'Almudena Climent Abril', 22),
(65, 'María Reyes Muñiz Cordón', 22),
(66, 'Verónica Ferrera Matos', 22),
(67, 'Mikel Lamas Villena', 23),
(68, 'Martí Ali Giménez', 23),
(69, 'Benigno Cuesta Gutiérrez', 23),
(70, 'Virginia Garzón Roldan', 24),
(71, 'Nestor López Lozano', 24),
(72, 'Cayetana Olmo Román', 24),
(73, 'Jesus Manuel Agudo Mateos', 25),
(74, 'Úrsula Vaquero Ventura', 25),
(75, 'Juan Gabriel Tejada Pazos', 25),
(76, 'Sandra Maya Prada', 26),
(77, 'Khalid Saiz García', 26),
(78, 'Cristian Fonseca Valencia', 26),
(79, 'Orlando Cuesta Cortes', 27),
(80, 'Julian Ledesma Betancor', 27),
(81, 'Marisol Frutos Suarez', 27),
(82, 'Ignacio Costas Santamaría', 28),
(83, 'Jenifer Navarro Cortes', 28),
(84, 'María Estrella Gabarri Reche', 28),
(85, 'Jana Lorenzo Amaya', 29),
(86, 'Armando Córdoba Gomis', 29),
(87, 'Manuel Ángel Martí Alemán', 29),
(88, 'Ana Salinas Dorado', 30),
(89, 'Benito Saavedra Barranco', 30),
(90, 'Felicidad Gomis Valles', 30),
(91, 'Nahia Cervera Cebrián', 31),
(92, 'Alejandra Berenguer Del Rio', 31),
(93, 'María Estrella Carrascosa Cabanillas', 31),
(94, 'Chloe Ureña Cámara', 32),
(95, 'María Victoria Cantos Melero', 32),
(96, 'Estrella Guerrero Alemán', 32),
(97, 'María Estrella Lorente Alcalá', 33),
(98, 'Socorro Ares Otero', 33),
(99, 'Rachida Toledo de Dios', 33),
(100, 'Saúl Nicolás Abril', 34),
(101, 'Juan Fernando Ramón Sebastián', 34),
(102, 'Ernesto Laguna Mas', 34),
(103, 'Adoración Mariño Riera', 35),
(104, 'Alex Tome Gómez', 35),
(105, 'Emilia Infante Coll', 35),
(106, 'Abdeslam Camps Arteaga', 36),
(107, 'María Magdalena Valencia Ares', 36),
(108, 'María Rosario Li Contreras', 36),
(109, 'Antonio José Salazar Mateo', 37),
(110, 'María Araceli Alcaraz Samper', 37),
(111, 'António Miguel Molinero Alcaide', 37),
(112, 'María Angels Espín Cordero', 38),
(113, 'Yago Maroto Guevara', 38),
(114, 'Pedro José Seco Báez', 38),
(115, 'Max López Herranz', 39),
(116, 'Luis María Gonzalo Rojas', 39),
(117, 'Benigno Arteaga Barceló', 39),
(118, 'Olga María Calderón Balaguer', 40),
(119, 'Gloria Rosado Acosta', 40),
(120, 'María Cruz Palomino Carreño', 40),
(121, 'Águeda Escribano Falcón', 41),
(122, 'Ramiro Castaño Yang', 41),
(123, 'Iván Arnaiz López', 41),
(124, 'Laura Ali Burgos', 42),
(125, 'Eliseo Mas Puerta', 42),
(126, 'Carlos José Arcos Molina', 42),
(127, 'Juan Andrés Espín Pavón', 43),
(128, 'Adrián Gallo Salcedo', 43),
(129, 'María Lucia Cáceres Delgado', 43),
(130, 'Maitane Aguilera Medina', 44),
(131, 'Damián Segovia Alcázar', 44),
(132, 'María Azucena Amoros Espino', 44),
(133, 'Adriana Gordo Arce', 45),
(134, 'Gonzalo Agudo Campo', 45),
(135, 'Aina Seoane Chávez', 45),
(136, 'Pedro Luis Monteagudo Ortuño', 46),
(137, 'Luís Miralles Ávila', 46),
(138, 'Valeriano Nogueira Barba', 46),
(139, 'Elías Rosales Real', 47),
(140, 'Evangelina Merchán Torres', 47),
(141, 'Nicolae Capdevila Jara', 47),
(142, 'Vera Almagro Brito', 48),
(143, 'María Yolanda Carrera Lara', 48),
(144, 'María Pilar Salcedo Gallego', 48),
(145, 'Inmaculada Mariscal Luengo', 49),
(146, 'Beatriz Arce Acuña', 49),
(147, 'Esmeralda Gordo Chaparro', 49),
(148, 'Eneko Oliveira Lamas', 50),
(149, 'Miriam Morillo Castañeda', 50),
(150, 'Evaristo Llamas Almeida', 50),
(151, 'Desamparados Del Olmo Valdés', 51),
(152, 'Jorge Juan Rincón Robledo', 51),
(153, 'Ismael Campos Aroca', 51),
(154, 'Abdellah Matas Manso', 52),
(155, 'Alejandra Echeverría de Haro', 52),
(156, 'Fernanda Figueras Rodenas', 52),
(157, 'Salma Pacheco Robledo', 53),
(158, 'Sergi Clemente Salazar', 53),
(159, 'Pedro José Morato Bernabéu', 53),
(160, 'Juan Vicente Laguna Pérez', 54),
(161, 'Brahim Boix Marrero', 54),
(162, 'Alejandra Montoro Suarez', 54),
(163, 'María Antonia Valles Cortes', 55),
(164, 'Angeles San Juan Mayoral', 55),
(165, 'Gala Baños Quiles', 55),
(166, 'Anastasio de Las Heras Tejada', 56),
(167, 'María Yolanda Ortega Morato', 56),
(168, 'María Purificación Moreno Casas', 56),
(169, 'Marina Moran Viera', 57),
(170, 'Alfonsa Gago Conde', 57),
(171, 'María Juana Serrano Márquez', 57),
(172, 'Ibai Ferrera Megías', 58),
(173, 'Mercedes Gordillo Zhu', 58),
(174, 'Natalia Antúnez Mira', 58),
(175, 'Juan Gabriel Pena Padrón', 59),
(176, 'Izaskun Andrés Araujo', 59),
(177, 'Alicia Estrada Espino', 59),
(178, 'Eládio Guirao Conesa', 60),
(179, 'Gisela Jaramillo Mora', 60),
(180, 'María Cinta Luengo Borras', 60),
(181, 'Victor José Alba Romo', 61),
(182, 'Cipriano Ramírez de la Cruz', 61),
(183, 'Fuensanta Espinoza Fuster', 61),
(184, 'Aurelio Farre Villar', 62),
(185, 'Luis Miguel Frías Mena', 62),
(186, 'Aurea Camps Mejías', 62),
(187, 'Salvadora Vizcaíno Pinilla', 63),
(188, 'Xabier Frutos Alemany', 63),
(189, 'Gloria María Mercado Trujillo', 63),
(190, 'Cesáreo Pico Arenas', 64),
(191, 'Manuel Francisco Nadal Higueras', 64),
(192, 'Juan Andrés Romera Jiménez', 64),
(193, 'Yassin Olivares Fuster', 65),
(194, 'Dolores Coca Rico', 65),
(195, 'Zakaria Cañadas Rincón', 65),
(196, 'Paul Montero Páez', 66),
(197, 'Bernardo Tello Mas', 66),
(198, 'Vicente España Garrido', 66),
(199, 'María Cristina Arroyo Camacho', 67),
(200, 'Aitor Tome Chico', 67),
(201, 'Xavier Campos Ares', 67),
(202, 'Nahia Carrasco Ribes', 68),
(203, 'Virtudes Pinilla Corrales', 68),
(204, 'María Aurora Diop Sevilla', 68),
(205, 'Agustina Miralles Salazar', 69),
(206, 'Ana Rosa Domínguez Morato', 69),
(207, 'Gustavo Adolfo Viñas Barranco', 69),
(208, 'Isidoro de Las Heras Gomes', 70),
(209, 'Carles Cantos Sempere', 70),
(210, 'Ismail Mota Alba', 70),
(211, 'Enrique Borja Da Silva', 71),
(212, 'Francisco José Giménez Holgado', 71),
(213, 'Fernando José Espino Sobrino', 71),
(214, 'Melania Prats Xu', 72),
(215, 'Andreu Francisco Conde', 72),
(216, 'Carlos Antonio Saldaña Silvestre', 72),
(217, 'Magdalena Córdoba Galán', 73),
(218, 'Ahmed Yagüe Guardiola', 73),
(219, 'Azahara Pareja Tomas', 73),
(220, 'Alexis Barrero Luis', 74),
(221, 'Isaac Amador Miranda', 74),
(222, 'Pilar Lozano Lorenzo', 74),
(223, 'Naia Mas Lora', 75),
(224, 'Daniel Lloret Cervera', 75),
(225, 'Aleix Bilbao Izquierdo', 75),
(226, 'Luis María Palazón Sanz', 76),
(227, 'Serafín Merchán Frías', 76),
(228, 'Maite Carvajal Manzano', 76),
(229, 'Eider Collado Wu', 77),
(230, 'Anais Abril San Juan', 77),
(231, 'María Jesús Jurado Juárez', 77),
(232, 'Marina Batista Tejera', 78),
(233, 'Raimundo Lobo Vilar', 78),
(234, 'Luis Fernando Echeverría Méndez', 78),
(235, 'Carlos Antonio Manrique Calatayud', 79),
(236, 'Aicha Nadal Salinas', 79),
(237, 'Anas Amat Sevilla', 79),
(238, 'María Araceli Macía Montilla', 80),
(239, 'Anas Oliveira Murillo', 80),
(240, 'Marcelo Padilla Manzano', 80),
(241, 'Regina Aragón Pedraza', 81),
(242, 'Uxue Cuevas Hermoso', 81),
(243, 'Pau Vives Anaya', 81),
(244, 'Alberto José de Castro de Castro', 82),
(245, 'Francesca Tejera Enríquez', 82),
(246, 'Valeria Herraiz Barea', 82),
(247, 'Herminia Berenguer Oviedo', 83),
(248, 'Cristina María Pozo Palma', 83),
(249, 'Alain Cánovas Nogueira', 83),
(250, 'Soraya Reyes Lorente', 84),
(251, 'Herminia Berenguer Oviedo', 84),
(252, 'Cristina María Pozo Palma', 84),
(253, 'Alain Cánovas Nogueira', 84),
(254, 'Soraya Reyes Lorente', 85),
(255, 'Ana María Saavedra', 85),
(256, 'Gabriel Andrés Leal', 85),
(257, 'Fátima Ruiz López', 86),
(258, 'Héctor Salas Jiménez', 86),
(259, 'Lucía Rivas Ortega', 86),
(260, 'Víctor Robles Serrano', 87),
(261, 'Silvia Ramírez Cordero', 87),
(262, 'Javier Mora Carrasco', 87),
(263, 'Sofía Paredes Muñoz', 88),
(264, 'Martín Peña Rojas', 88),
(265, 'Carolina Guerrero Silva', 88),
(266, 'Miguel Ángel Duarte', 89),
(267, 'Natalia Romero Martínez', 89),
(268, 'Andrés Vargas Campos', 89),
(269, 'Isabella Méndez Sánchez', 90),
(270, 'Alejandro Soto Paredes', 90),
(271, 'Valentina Cárdenas Jiménez', 90),
(272, 'Joaquín Alarcón Rojas', 91),
(273, 'Camila Díaz Delgado', 91),
(274, 'Tomás Contreras Morales', 91),
(275, 'Valeria López Gómez', 92),
(276, 'Maximiliano Medina Peña', 92),
(277, 'Renata Jiménez Vargas', 92),
(278, 'Emilio Pérez Ortega', 93),
(279, 'Josefina Castro Navarro', 93),
(280, 'Benjamín Ramírez Cordero', 93),
(281, 'Victoria Torres Silva', 94),
(282, 'Dylan Herrera Méndez', 94),
(283, 'Isidora Ruiz Sánchez', 94),
(284, 'Matías Paredes Campos', 95),
(285, 'Amanda Vargas Rojas', 95),
(286, 'Thiago Delgado Martínez', 95),
(287, 'Emilia Alarcón Jiménez', 96),
(288, 'Sebastián Díaz Gómez', 96),
(289, 'Catalina Contreras Peña', 96),
(290, 'Matías López Morales', 97),
(291, 'Sofía Medina Delgado', 97),
(292, 'Lucas Jiménez Vargas', 97),
(293, 'Isabella Pérez Gómez', 98),
(294, 'Gabriel Castro Ortega', 98),
(295, 'Valentina Ramírez Silva', 98),
(296, 'Diego Torres Cordero', 99),
(297, 'Emilia Herrera Sánchez', 99),
(298, 'Santiago Ruiz Campos', 99),
(299, 'Renata Paredes Rojas', 100),
(300, 'Joaquín Vargas Martínez', 100),
(301, 'Emilio Delgado Jiménez', 100),
(302, 'Diego Torres Cordero', 100),
(303, 'Emilia Herrera Sánchez', 100),
(304, 'Santiago Ruiz Campos', 100),
(305, 'Renata Paredes Rojas', 101),
(306, 'Joaquín Vargas Martínez', 101),
(307, 'Emilio Delgado Jiménez', 101),
(308, 'Emilia Alarcón Jiménez', 102),
(309, 'Sebastián Díaz Gómez', 102),
(310, 'Catalina Contreras Peña', 102),
(311, 'Matías López Morales', 103),
(312, 'Sofía Medina Delgado', 103),
(313, 'Lucas Jiménez Vargas', 103),
(314, 'Isabella Pérez Gómez', 104),
(315, 'Gabriel Castro Ortega', 104),
(316, 'Valentina Ramírez Silva', 104),
(317, 'Diego Torres Cordero', 105),
(318, 'Emilia Herrera Sánchez', 105),
(319, 'Santiago Ruiz Campos', 105),
(320, 'Renata Paredes Rojas', 106),
(321, 'Joaquín Vargas Martínez', 106),
(322, 'Emilio Delgado Jiménez', 106),
(323, 'Emilia Alarcón Jiménez', 107),
(324, 'Sebastián Díaz Gómez', 107),
(325, 'Catalina Contreras Peña', 107),
(326, 'Matías López Morales', 108),
(327, 'Sofía Medina Delgado', 108),
(328, 'Lucas Jiménez Vargas', 108),
(329, 'Isabella Pérez Gómez', 109),
(330, 'Gabriel Castro Ortega', 109),
(331, 'Valentina Ramírez Silva', 109),
(332, 'Diego Torres Cordero', 110),
(333, 'Emilia Herrera Sánchez', 110),
(334, 'Santiago Ruiz Campos', 110),
(335, 'Renata Paredes Rojas', 111),
(336, 'Joaquín Vargas Martínez', 111),
(337, 'Emilio Delgado Jiménez', 111),
(338, 'Emilia Alarcón Jiménez', 112),
(339, 'Sebastián Díaz Gómez', 112),
(340, 'Catalina Contreras Peña', 112),
(341, 'Matías López Morales', 113),
(342, 'Sofía Medina Delgado', 113),
(343, 'Lucas Jiménez Vargas', 113),
(344, 'Isabella Pérez Gómez', 114),
(345, 'Gabriel Castro Ortega', 114),
(346, 'Valentina Ramírez Silva', 114),
(347, 'Diego Torres Cordero', 115),
(348, 'Emilia Herrera Sánchez', 115),
(349, 'Santiago Ruiz Campos', 115),
(350, 'Renata Paredes Rojas', 116),
(351, 'Joaquín Vargas Martínez', 116),
(352, 'Emilio Delgado Jiménez', 116),
(353, 'Emilia Alarcón Jiménez', 117),
(354, 'Sebastián Díaz Gómez', 117),
(355, 'Catalina Contreras Peña', 117),
(356, 'Matías López Morales', 118),
(357, 'Sofía Medina Delgado', 118),
(358, 'Lucas Jiménez Vargas', 118),
(359, 'Isabella Pérez Gómez', 119),
(360, 'Gabriel Castro Ortega', 119),
(361, 'Valentina Ramírez Silva', 119),
(362, 'Diego Torres Cordero', 120),
(363, 'Emilia Herrera Sánchez', 120),
(364, 'Santiago Ruiz Campos', 120),
(365, 'Renata Paredes Rojas', 121),
(366, 'Joaquín Vargas Martínez', 121),
(367, 'Emilio Delgado Jiménez', 121),
(368, 'Emilia Alarcón Jiménez', 122),
(369, 'Sebastián Díaz Gómez', 122),
(370, 'Catalina Contreras Peña', 122),
(371, 'Matías López Morales', 123),
(372, 'Sofía Medina Delgado', 123),
(373, 'Lucas Jiménez Vargas', 123),
(374, 'Isabella Pérez Gómez', 124),
(375, 'Gabriel Castro Ortega', 124),
(376, 'Valentina Ramírez Silva', 124),
(377, 'Diego Torres Cordero', 125),
(378, 'Emilia Herrera Sánchez', 125),
(379, 'Santiago Ruiz Campos', 125),
(380, 'Renata Paredes Rojas', 126),
(381, 'Joaquín Vargas Martínez', 126),
(382, 'Emilio Delgado Jiménez', 126),
(383, 'Emilia Alarcón Jiménez', 127),
(384, 'Sebastián Díaz Gómez', 127),
(385, 'Catalina Contreras Peña', 127),
(386, 'Matías López Morales', 128),
(387, 'Sofía Medina Delgado', 128),
(388, 'Lucas Jiménez Vargas', 128),
(389, 'Isabella Pérez Gómez', 129),
(390, 'Gabriel Castro Ortega', 129),
(391, 'Valentina Ramírez Silva', 129),
(392, 'Diego Torres Cordero', 130),
(393, 'Emilia Herrera Sánchez', 130),
(394, 'Santiago Ruiz Campos', 130),
(395, 'Renata Paredes Rojas', 131),
(396, 'Joaquín Vargas Martínez', 131),
(397, 'Emilio Delgado Jiménez', 131),
(398, 'Emilia Alarcón Jiménez', 132),
(399, 'Sebastián Díaz Gómez', 132),
(400, 'Catalina Contreras Peña', 132),
(401, 'Matías López Morales', 133),
(402, 'Sofía Medina Delgado', 133),
(403, 'Lucas Jiménez Vargas', 133),
(404, 'Isabella Pérez Gómez', 134),
(405, 'Gabriel Castro Ortega', 134),
(406, 'Valentina Ramírez Silva', 134),
(407, 'Diego Torres Cordero', 135),
(408, 'Emilia Herrera Sánchez', 135),
(409, 'Santiago Ruiz Campos', 135),
(410, 'Renata Paredes Rojas', 136),
(411, 'Joaquín Vargas Martínez', 136),
(412, 'Emilio Delgado Jiménez', 136),
(413, 'Emilia Alarcón Jiménez', 137),
(414, 'Sebastián Díaz Gómez', 137),
(415, 'Catalina Contreras Peña', 137),
(416, 'Matías López Morales', 138),
(417, 'Sofía Medina Delgado', 138),
(418, 'Lucas Jiménez Vargas', 138),
(419, 'Isabella Pérez Gómez', 139),
(420, 'Gabriel Castro Ortega', 139),
(421, 'Valentina Ramírez Silva', 139),
(422, 'Diego Torres Cordero', 140),
(423, 'Emilia Herrera Sánchez', 140),
(424, 'Santiago Ruiz Campos', 140),
(425, 'Renata Paredes Rojas', 141),
(426, 'Joaquín Vargas Martínez', 141),
(427, 'Emilio Delgado Jiménez', 141),
(428, 'Emilia Alarcón Jiménez', 142),
(429, 'Sebastián Díaz Gómez', 142),
(430, 'Catalina Contreras Peña', 142),
(431, 'Matías López Morales', 143),
(432, 'Sofía Medina Delgado', 143),
(433, 'Lucas Jiménez Vargas', 143),
(434, 'Isabella Pérez Gómez', 144),
(435, 'Gabriel Castro Ortega', 144),
(436, 'Valentina Ramírez Silva', 144),
(437, 'Diego Torres Cordero', 145),
(438, 'Emilia Herrera Sánchez', 145),
(439, 'Santiago Ruiz Campos', 145),
(440, 'Renata Paredes Rojas', 146),
(441, 'Joaquín Vargas Martínez', 146),
(442, 'Emilio Delgado Jiménez', 146),
(443, 'Emilia Alarcón Jiménez', 147),
(444, 'Sebastián Díaz Gómez', 147),
(445, 'Catalina Contreras Peña', 147),
(446, 'Matías López Morales', 148),
(447, 'Sofía Medina Delgado', 148),
(448, 'Lucas Jiménez Vargas', 148),
(449, 'Isabella Pérez Gómez', 149),
(450, 'Gabriel Castro Ortega', 149),
(451, 'Valentina Ramírez Silva', 149),
(452, 'Diego Torres Cordero', 150),
(453, 'Emilia Herrera Sánchez', 150),
(454, 'Santiago Ruiz Campos', 150),
(455, 'Lorena Mendez García', 151),
(456, 'Alan Ramos Cervantes', 151),
(457, 'Alicia Soto Miranda', 151),
(458, 'Diego Fuentes Ríos', 152),
(459, 'Fernanda Vega Vargas', 152),
(460, 'Manuel Silva Núñez', 152),
(461, 'Camila Mendoza Rivas', 153),
(462, 'Gabriel Guzmán Paredes', 153),
(463, 'Valeria Vargas Herrera', 153),
(464, 'Miguel López Robles', 154),
(465, 'Sara Cervantes Martínez', 154),
(466, 'Andrés García Rojas', 154),
(467, 'Renata Morales Soto', 155),
(468, 'Javier Rodríguez Pérez', 155),
(469, 'Aurora Delgado Rivera', 155),
(470, 'Mariano Sánchez Ríos', 156),
(471, 'Ana Vargas Núñez', 156),
(472, 'Cristian Mendoza Rivas', 156),
(473, 'Isabel Cervantes Guzmán', 157),
(474, 'Joaquín Silva Vargas', 157),
(475, 'Emilia López Robles', 157),
(476, 'Luis Morales Soto', 158),
(477, 'Daniela Rodríguez Pérez', 158),
(478, 'Andrés Delgado Rivera', 158),
(479, 'Santiago Sánchez Ríos', 159),
(480, 'Valentina Vargas Núñez', 159),
(481, 'Manuel Mendoza Rivas', 159),
(482, 'María Cervantes Guzmán', 160),
(483, 'José Silva Vargas', 160),
(484, 'Paula López Robles', 160),
(485, 'Diego Morales Soto', 161),
(486, 'Fernanda Rodríguez Pérez', 161),
(487, 'Carlos Delgado Rivera', 161),
(488, 'Camila Sánchez Ríos', 162),
(489, 'Alejandro Vargas Núñez', 162),
(490, 'Isabella Mendoza Rivas', 162),
(491, 'Miguel Cervantes Guzmán', 163),
(492, 'Lorena Silva Vargas', 163),
(493, 'Eduardo López Robles', 163),
(494, 'Valeria Morales Soto', 164),
(495, 'Alan Rodríguez Pérez', 164),
(496, 'Alicia Delgado Rivera', 164),
(497, 'Diego Sánchez Ríos', 165),
(498, 'Fernanda Vargas Núñez', 165),
(499, 'Manuel Mendoza Rivas', 165),
(500, 'Camila Cervantes Guzmán', 166),
(501, 'Gabriel Silva Vargas', 166),
(502, 'Valentina López Robles', 166),
(503, 'Miguel Morales Soto', 167),
(504, 'Sara Rodríguez Pérez', 167),
(505, 'Andrés Delgado Rivera', 167),
(506, 'Renata Sánchez Ríos', 168),
(507, 'Javier Vargas Núñez', 168),
(508, 'Emilia Mendoza Rivas', 168),
(509, 'Luis Cervantes Guzmán', 169),
(510, 'Daniela Silva Vargas', 169),
(511, 'Andrés López Robles', 169),
(512, 'Isabel Morales Soto', 170),
(513, 'José Rodríguez Pérez', 170),
(514, 'Paula Delgado Rivera', 170),
(515, 'Diego Sánchez Ríos', 171),
(516, 'Fernanda Vargas Núñez', 171),
(517, 'Carlos Mendoza Rivas', 171),
(518, 'Camila Cervantes Guzmán', 172),
(519, 'Alejandro Silva Vargas', 172),
(520, 'Isabella López Robles', 172),
(521, 'Miguel Morales Soto', 173),
(522, 'Lorena Rodríguez Pérez', 173),
(523, 'Alicia Delgado Rivera', 173),
(524, 'Diego Sánchez Ríos', 174),
(525, 'Fernanda Vargas Núñez', 174),
(526, 'Manuel Mendoza Rivas', 174),
(527, 'Camila Cervantes Guzmán', 175),
(528, 'Gabriel Silva Vargas', 175),
(529, 'Valentina López Robles', 175),
(530, 'Miguel Morales Soto', 176),
(531, 'Sara Rodríguez Pérez', 176),
(532, 'Andrés Delgado Rivera', 176),
(533, 'Renata Sánchez Ríos', 177),
(534, 'Javier Vargas Núñez', 177),
(535, 'Emilia Mendoza Rivas', 177),
(536, 'Luis Cervantes Guzmán', 178),
(537, 'Daniela Silva Vargas', 178),
(538, 'Andrés López Robles', 178),
(539, 'Isabel Morales Soto', 179),
(540, 'José Rodríguez Pérez', 179),
(541, 'Paula Delgado Rivera', 179),
(542, 'Diego Sánchez Ríos', 180),
(543, 'Fernanda Vargas Núñez', 180),
(544, 'Carlos Mendoza Rivas', 180),
(545, 'Natalia Soto Cordero', 181),
(546, 'Javier Morales Varela', 181),
(547, 'Isabella Mendoza Guerra', 181),
(548, 'Miguel Delgado Ramos', 182),
(549, 'Lorena Vargas Fuentes', 182),
(550, 'Andrés Rodríguez Santos', 182),
(551, 'Valentina Cervantes Paredes', 183),
(552, 'Alan Silva Vázquez', 183),
(553, 'Alicia López Ríos', 183),
(554, 'Diego Morales Delgado', 184),
(555, 'Fernanda Rodríguez Vargas', 184),
(556, 'Carlos Delgado Mendoza', 184),
(557, 'Camila Sánchez Guzmán', 185),
(558, 'Alejandro Vargas López', 185),
(559, 'Valentina Mendoza Rodríguez', 185),
(560, 'Miguel Cervantes Pérez', 186),
(561, 'Sara Silva Martínez', 186),
(562, 'Andrés López Delgado', 186),
(563, 'Renata Morales Fuentes', 187),
(564, 'Javier Rodríguez Santos', 187),
(565, 'Emilia Delgado Paredes', 187),
(566, 'Luis Sánchez Guzmán', 188),
(567, 'Daniela Vargas López', 188),
(568, 'Andrés Mendoza Rodríguez', 188),
(569, 'Isabel Cervantes Pérez', 189),
(570, 'José Silva Martínez', 189),
(571, 'Paula López Delgado', 189),
(572, 'Diego Morales Fuentes', 190),
(573, 'Fernanda Rodríguez Santos', 190),
(574, 'Carlos Delgado Paredes', 190),
(575, 'Camila Sánchez Guzmán', 191),
(576, 'Alejandro Vargas López', 191),
(577, 'Isabella Mendoza Rodríguez', 191),
(578, 'Miguel Cervantes Pérez', 192),
(579, 'Lorena Silva Martínez', 192),
(580, 'Eduardo López Delgado', 192),
(581, 'Valeria Morales Fuentes', 193),
(582, 'Alan Rodríguez Santos', 193),
(583, 'Alicia Delgado Paredes', 193),
(584, 'Diego Sánchez Guzmán', 194),
(585, 'Fernanda Vargas López', 194),
(586, 'Manuel Mendoza Rodríguez', 194),
(587, 'Camila Cervantes Pérez', 195),
(588, 'Gabriel Silva Martínez', 195),
(589, 'Valentina López Delgado', 195),
(590, 'Miguel Morales Fuentes', 196),
(591, 'Sara Rodríguez Santos', 196),
(592, 'Andrés Delgado Paredes', 196),
(593, 'Renata Sánchez Guzmán', 197),
(594, 'Javier Vargas López', 197),
(595, 'Emilia Mendoza Rodríguez', 197),
(596, 'Luis Cervantes Pérez', 198),
(597, 'Daniela Silva Martínez', 198),
(598, 'Andrés López Delgado', 198),
(599, 'Isabel Morales Fuentes', 199),
(600, 'José Rodríguez Santos', 199),
(601, 'Paula Delgado Paredes', 199),
(602, 'Diego Sánchez Guzmán', 200),
(603, 'Fernanda Vargas López', 200),
(604, 'Carlos Mendoza Rodríguez', 200),
(605, 'Camila Cervantes Pérez', 201),
(606, 'Alejandro Silva Martínez', 201),
(607, 'Isabella López Delgado', 201),
(608, 'Miguel Morales Fuentes', 202),
(609, 'Lorena Rodríguez Santos', 202),
(610, 'Alicia Delgado Paredes', 202),
(611, 'Diego Sánchez Guzmán', 203),
(612, 'Fernanda Vargas López', 203),
(613, 'Manuel Mendoza Rodríguez', 203),
(614, 'Camila Cervantes Pérez', 204),
(615, 'Gabriel Silva Martínez', 204),
(616, 'Valentina López Delgado', 204),
(617, 'Miguel Morales Fuentes', 205),
(618, 'Sara Rodríguez Santos', 205),
(619, 'Andrés Delgado Paredes', 205),
(620, 'Renata Sánchez Guzmán', 206),
(621, 'Javier Vargas López', 206),
(622, 'Emilia Mendoza Rodríguez', 206),
(623, 'Luis Cervantes Pérez', 207),
(624, 'Daniela Silva Martínez', 207),
(625, 'Andrés López Delgado', 207),
(626, 'Isabel Morales Fuentes', 208),
(627, 'José Rodríguez Santos', 208),
(628, 'Paula Delgado Paredes', 208),
(629, 'Diego Sánchez Guzmán', 209),
(630, 'Fernanda Vargas López', 209),
(631, 'Carlos Mendoza Rodríguez', 209),
(632, 'Camila Cervantes Pérez', 210),
(633, 'Alejandro Silva Martínez', 210),
(634, 'Isabella López Delgado', 210),
(635, 'Miguel Morales Fuentes', 211),
(636, 'Lorena Rodríguez Santos', 211),
(637, 'Alicia Delgado Paredes', 211),
(638, 'Diego Sánchez Guzmán', 212),
(639, 'Fernanda Vargas López', 212),
(640, 'Manuel Mendoza Rodríguez', 212),
(641, 'Camila Cervantes Pérez', 213),
(642, 'Gabriel Silva Martínez', 213),
(643, 'Valentina López Delgado', 213),
(644, 'Miguel Morales Fuentes', 214),
(645, 'Sara Rodríguez Santos', 214),
(646, 'Andrés Delgado Paredes', 214),
(647, 'Renata Sánchez Guzmán', 215),
(648, 'Javier Vargas López', 215),
(649, 'Emilia Mendoza Rodríguez', 215),
(650, 'Luis Cervantes Pérez', 216),
(651, 'Daniela Silva Martínez', 216),
(652, 'Andrés López Delgado', 216),
(653, 'Isabel Morales Fuentes', 217),
(654, 'José Rodríguez Santos', 217),
(655, 'Paula Delgado Paredes', 217),
(656, 'Diego Sánchez Guzmán', 218),
(657, 'Fernanda Vargas López', 218),
(658, 'Carlos Mendoza Rodríguez', 218),
(659, 'Camila Cervantes Pérez', 219),
(660, 'Alejandro Silva Martínez', 219),
(661, 'Isabella López Delgado', 219),
(662, 'Miguel Morales Fuentes', 220),
(663, 'Lorena Rodríguez Santos', 220),
(664, 'Alicia Delgado Paredes', 220),
(665, 'Diego Sánchez Guzmán', 221),
(666, 'Fernanda Vargas López', 221),
(667, 'Manuel Mendoza Rodríguez', 221),
(668, 'Camila Cervantes Pérez', 222),
(669, 'Gabriel Silva Martínez', 222),
(670, 'Valentina López Delgado', 222),
(671, 'Miguel Morales Fuentes', 223),
(672, 'Sara Rodríguez Santos', 223),
(673, 'Andrés Delgado Paredes', 223),
(674, 'Renata Sánchez Guzmán', 224),
(675, 'Javier Vargas López', 224),
(676, 'Emilia Mendoza Rodríguez', 224),
(677, 'Luis Cervantes Pérez', 225),
(678, 'Daniela Silva Martínez', 225),
(679, 'Andrés López Delgado', 225),
(680, 'Isabel Morales Fuentes', 226),
(681, 'José Rodríguez Santos', 226),
(682, 'Paula Delgado Paredes', 226),
(683, 'Diego Sánchez Guzmán', 227),
(684, 'Fernanda Vargas López', 227),
(685, 'Carlos Mendoza Rodríguez', 227),
(686, 'Camila Cervantes Pérez', 228),
(687, 'Alejandro Silva Martínez', 228),
(688, 'Isabella López Delgado', 228),
(689, 'Miguel Morales Fuentes', 229),
(690, 'Lorena Rodríguez Santos', 229),
(691, 'Alicia Delgado Paredes', 229),
(692, 'Diego Sánchez Guzmán', 230),
(693, 'Fernanda Vargas López', 230),
(694, 'Manuel Mendoza Rodríguez', 230),
(695, 'Camila Cervantes Pérez', 231),
(696, 'Gabriel Silva Martínez', 231),
(697, 'Valentina López Delgado', 231),
(698, 'Miguel Morales Fuentes', 232),
(699, 'Sara Rodríguez Santos', 232),
(700, 'Andrés Delgado Paredes', 232),
(701, 'Renata Sánchez Guzmán', 233),
(702, 'Javier Vargas López', 233),
(703, 'Emilia Mendoza Rodríguez', 233),
(704, 'Luis Cervantes Pérez', 234),
(705, 'Daniela Silva Martínez', 234),
(706, 'Andrés López Delgado', 234),
(707, 'Isabel Morales Fuentes', 235),
(708, 'José Rodríguez Santos', 235),
(709, 'Paula Delgado Paredes', 235),
(710, 'Diego Sánchez Guzmán', 236),
(711, 'Fernanda Vargas López', 236),
(712, 'Carlos Mendoza Rodríguez', 236),
(713, 'Mateo Soto Guzmán', 237),
(714, 'Aurora Morales Varela', 237),
(715, 'Santiago Mendoza Guerra', 237),
(716, 'Catalina Delgado Ramos', 238),
(717, 'Felipe Vargas Fuentes', 238),
(718, 'Valeria Rodríguez Santos', 238),
(719, 'Luna Cervantes Paredes', 239),
(720, 'Mariano Silva Vázquez', 239),
(721, 'Elena López Ríos', 239),
(722, 'Hugo Morales Delgado', 240),
(723, 'Julia Rodríguez Vargas', 240),
(724, 'Emilio Delgado Mendoza', 240),
(725, 'Diana Sánchez Guzmán', 241),
(726, 'Gabriel Vargas López', 241),
(727, 'Sofía Mendoza Rodríguez', 241),
(728, 'Lucas Cervantes Pérez', 242),
(729, 'Isabella Silva Martínez', 242),
(730, 'Daniel López Delgado', 242),
(731, 'Valentina Morales Fuentes', 243),
(732, 'Samuel Rodríguez Santos', 243),
(733, 'Renata Delgado Paredes', 243),
(734, 'Diego Sánchez Guzmán', 244),
(735, 'Fernanda Vargas López', 244),
(736, 'Manuel Mendoza Rodríguez', 244),
(737, 'Camila Cervantes Pérez', 245),
(738, 'Gabriel Silva Martínez', 245),
(739, 'Valentina López Delgado', 245),
(740, 'Miguel Morales Fuentes', 246),
(741, 'Sara Rodríguez Santos', 246),
(742, 'Andrés Delgado Paredes', 246),
(743, 'Renata Sánchez Guzmán', 247),
(744, 'Javier Vargas López', 247),
(745, 'Emilia Mendoza Rodríguez', 247),
(746, 'Luis Cervantes Pérez', 248),
(747, 'Daniela Silva Martínez', 248),
(748, 'Andrés López Delgado', 248),
(749, 'Isabel Morales Fuentes', 249),
(750, 'José Rodríguez Santos', 249),
(751, 'Paula Delgado Paredes', 249),
(752, 'Diego Sánchez Guzmán', 250),
(753, 'Fernanda Vargas López', 250),
(754, 'Carlos Mendoza Rodríguez', 250),
(755, 'Camila Cervantes Pérez', 251),
(756, 'Alejandro Silva Martínez', 251),
(757, 'Isabella López Delgado', 251),
(758, 'Miguel Morales Fuentes', 252),
(759, 'Lorena Rodríguez Santos', 252),
(760, 'Alicia Delgado Paredes', 252),
(761, 'Diego Sánchez Guzmán', 253),
(762, 'Fernanda Vargas López', 253),
(763, 'Manuel Mendoza Rodríguez', 253),
(764, 'Camila Cervantes Pérez', 254),
(765, 'Gabriel Silva Martínez', 254),
(766, 'Valentina López Delgado', 254),
(767, 'Miguel Morales Fuentes', 255),
(768, 'Sara Rodríguez Santos', 255),
(769, 'Andrés Delgado Paredes', 255),
(770, 'Renata Sánchez Guzmán', 256),
(771, 'Javier Vargas López', 256),
(772, 'Emilia Mendoza Rodríguez', 256),
(773, 'Luis Cervantes Pérez', 257),
(774, 'Daniela Silva Martínez', 257),
(775, 'Andrés López Delgado', 257),
(776, 'Isabel Morales Fuentes', 258),
(777, 'José Rodríguez Santos', 258),
(778, 'Paula Delgado Paredes', 258),
(779, 'Diego Sánchez Guzmán', 259),
(780, 'Fernanda Vargas López', 259),
(781, 'Carlos Mendoza Rodríguez', 259),
(782, 'Camila Cervantes Pérez', 260),
(783, 'Alejandro Silva Martínez', 260),
(784, 'Isabella López Delgado', 260),
(785, 'Miguel Morales Fuentes', 261),
(786, 'Lorena Rodríguez Santos', 261),
(787, 'Alicia Delgado Paredes', 261),
(788, 'Diego Sánchez Guzmán', 262),
(789, 'Fernanda Vargas López', 262),
(790, 'Manuel Mendoza Rodríguez', 262),
(791, 'Camila Cervantes Pérez', 263),
(792, 'Gabriel Silva Martínez', 263),
(793, 'Valentina López Delgado', 263),
(794, 'Miguel Morales Fuentes', 264),
(795, 'Sara Rodríguez Santos', 264),
(796, 'Andrés Delgado Paredes', 264),
(797, 'Renata Sánchez Guzmán', 265),
(798, 'Javier Vargas López', 265),
(799, 'Emilia Mendoza Rodríguez', 265),
(800, 'Luis Cervantes Pérez', 266),
(801, 'Daniela Silva Martínez', 266),
(802, 'Andrés López Delgado', 266),
(803, 'Isabel Morales Fuentes', 267),
(804, 'José Rodríguez Santos', 267),
(805, 'Paula Delgado Paredes', 267),
(806, 'Diego Sánchez Guzmán', 268),
(807, 'Fernanda Vargas López', 268),
(808, 'Carlos Mendoza Rodríguez', 268),
(809, 'Camila Cervantes Pérez', 269),
(810, 'Alejandro Silva Martínez', 269),
(811, 'Isabella López Delgado', 269),
(812, 'Miguel Morales Fuentes', 270),
(813, 'Lorena Rodríguez Santos', 270),
(814, 'Alicia Delgado Paredes', 270),
(815, 'Diego Sánchez Guzmán', 271),
(816, 'Fernanda Vargas López', 271),
(817, 'Manuel Mendoza Rodríguez', 271),
(818, 'Camila Cervantes Pérez', 272),
(819, 'Gabriel Silva Martínez', 272),
(820, 'Valentina López Delgado', 272),
(821, 'Miguel Morales Fuentes', 273),
(822, 'Sara Rodríguez Santos', 273),
(823, 'Andrés Delgado Paredes', 273),
(824, 'Renata Sánchez Guzmán', 274),
(825, 'Javier Vargas López', 274),
(826, 'Emilia Mendoza Rodríguez', 274),
(827, 'Luis Cervantes Pérez', 275),
(828, 'Daniela Silva Martínez', 275),
(829, 'Andrés López Delgado', 275),
(830, 'Isabel Morales Fuentes', 276),
(831, 'José Rodríguez Santos', 276),
(832, 'Paula Delgado Paredes', 276),
(833, 'Diego Sánchez Guzmán', 277),
(834, 'Fernanda Vargas López', 277),
(835, 'Carlos Mendoza Rodríguez', 277),
(836, 'Camila Cervantes Pérez', 278),
(837, 'Alejandro Silva Martínez', 278),
(838, 'Isabella López Delgado', 278),
(839, 'Miguel Morales Fuentes', 279),
(840, 'Lorena Rodríguez Santos', 279),
(841, 'Alicia Delgado Paredes', 279),
(842, 'Diego Sánchez Guzmán', 280),
(843, 'Fernanda Vargas López', 280),
(844, 'Manuel Mendoza Rodríguez', 280),
(845, 'Camila Cervantes Pérez', 281),
(846, 'Gabriel Silva Martínez', 281),
(847, 'Valentina López Delgado', 281),
(848, 'Miguel Morales Fuentes', 282),
(849, 'Sara Rodríguez Santos', 282),
(850, 'Andrés Delgado Paredes', 282),
(851, 'Renata Sánchez Guzmán', 283),
(852, 'Javier Vargas López', 283),
(853, 'Emilia Mendoza Rodríguez', 283),
(854, 'Luis Cervantes Pérez', 284),
(855, 'Daniela Silva Martínez', 284),
(856, 'Andrés López Delgado', 284),
(857, 'Isabel Morales Fuentes', 285),
(858, 'José Rodríguez Santos', 285),
(859, 'Paula Delgado Paredes', 285),
(860, 'Diego Sánchez Guzmán', 286),
(861, 'Fernanda Vargas López', 286),
(862, 'Carlos Mendoza Rodríguez', 286),
(863, 'Camila Cervantes Pérez', 287),
(864, 'Alejandro Silva Martínez', 287),
(865, 'Isabella López Delgado', 287),
(866, 'Miguel Morales Fuentes', 288),
(867, 'Lorena Rodríguez Santos', 288),
(868, 'Alicia Delgado Paredes', 288),
(869, 'Diego Sánchez Guzmán', 289),
(870, 'Fernanda Vargas López', 289),
(871, 'Manuel Mendoza Rodríguez', 289),
(872, 'Camila Cervantes Pérez', 290),
(873, 'Gabriel Silva Martínez', 290),
(874, 'Valentina López Delgado', 290),
(875, 'Miguel Morales Fuentes', 291),
(876, 'Sara Rodríguez Santos', 291),
(877, 'Andrés Delgado Paredes', 291),
(878, 'Renata Sánchez Guzmán', 292),
(879, 'Javier Vargas López', 292),
(880, 'Emilia Mendoza Rodríguez', 292),
(881, 'Luis Cervantes Pérez', 293),
(882, 'Daniela Silva Martínez', 293),
(883, 'Andrés López Delgado', 293),
(884, 'Isabel Morales Fuentes', 294),
(885, 'José Rodríguez Santos', 294),
(886, 'Paula Delgado Paredes', 294),
(887, 'Diego Sánchez Guzmán', 295),
(888, 'Fernanda Vargas López', 295),
(889, 'Carlos Mendoza Rodríguez', 295),
(890, 'Camila Cervantes Pérez', 296),
(891, 'Alejandro Silva Martínez', 296),
(892, 'Isabella López Delgado', 296),
(893, 'Miguel Morales Fuentes', 297),
(894, 'Lorena Rodríguez Santos', 297),
(895, 'Alicia Delgado Paredes', 297),
(896, 'Diego Sánchez Guzmán', 298),
(897, 'Fernanda Vargas López', 298),
(898, 'Manuel Mendoza Rodríguez', 298),
(899, 'Camila Cervantes Pérez', 299),
(900, 'Gabriel Silva Martínez', 299),
(901, 'Valentina López Delgado', 299),
(902, 'Miguel Morales Fuentes', 300),
(903, 'Sara Rodríguez Santos', 300),
(904, 'Andrés Delgado Paredes', 300),
(905, 'Carmen Morales Lozano', 301),
(906, 'Lucas Delgado Mendoza', 301),
(907, 'Valentina Vargas Guzmán', 301),
(908, 'Emilio Sánchez Martínez', 302),
(909, 'Renata Mendoza López', 302),
(910, 'Luis Cervantes Fuentes', 302),
(911, 'Ana Rodríguez Paredes', 303),
(912, 'Joaquín Silva Ramos', 303),
(913, 'Aurora López Vargas', 303),
(914, 'Santiago Morales Delgado', 304),
(915, 'Valeria Delgado Guzmán', 304),
(916, 'Matías Vargas Martínez', 304),
(917, 'Sofía Sánchez Mendoza', 305),
(918, 'Felipe Mendoza López', 305),
(919, 'Valentina Cervantes Fuentes', 305),
(920, 'Lucas Rodríguez Paredes', 306),
(921, 'Isabella Silva Ramos', 306),
(922, 'Daniel López Vargas', 306),
(923, 'Valentina Morales Delgado', 307),
(924, 'Samuel Delgado Guzmán', 307),
(925, 'Renata Vargas Martínez', 307),
(926, 'Diego Sánchez Mendoza', 308),
(927, 'Fernanda Mendoza López', 308),
(928, 'Manuel Cervantes Fuentes', 308),
(929, 'Camila Rodríguez Paredes', 309),
(930, 'Alejandro Silva Ramos', 309),
(931, 'Isabella López Vargas', 309),
(932, 'Miguel Morales Delgado', 310),
(933, 'Lorena Delgado Guzmán', 310),
(934, 'Alicia Vargas Martínez', 310),
(935, 'Diego Sánchez Mendoza', 311),
(936, 'Fernanda Mendoza López', 311),
(937, 'Manuel Cervantes Fuentes', 311),
(938, 'Camila Rodríguez Paredes', 312),
(939, 'Alejandro Silva Ramos', 312),
(940, 'Isabella López Vargas', 312),
(941, 'Miguel Morales Delgado', 313),
(942, 'Sara Delgado Guzmán', 313),
(943, 'Andrés Vargas Martínez', 313),
(944, 'Renata Sánchez Mendoza', 314),
(945, 'Javier Mendoza López', 314),
(946, 'Emilia Cervantes Fuentes', 314),
(947, 'Luis Rodríguez Paredes', 315),
(948, 'Daniela Silva Ramos', 315),
(949, 'Andrés López Vargas', 315),
(950, 'Isabel Morales Delgado', 316),
(951, 'José Delgado Guzmán', 316),
(952, 'Paula Vargas Martínez', 316),
(953, 'Diego Sánchez Mendoza', 317),
(954, 'Fernanda Mendoza López', 317),
(955, 'Carlos Cervantes Fuentes', 317),
(956, 'Camila Rodríguez Paredes', 318),
(957, 'Alejandro Silva Ramos', 318),
(958, 'Isabella López Vargas', 318),
(959, 'Miguel Morales Delgado', 319),
(960, 'Lorena Delgado Guzmán', 319),
(961, 'Alicia Vargas Martínez', 319),
(962, 'Diego Sánchez Mendoza', 320),
(963, 'Fernanda Mendoza López', 320),
(964, 'Manuel Cervantes Fuentes', 320),
(965, 'Camila Rodríguez Paredes', 321),
(966, 'Gabriel Silva Ramos', 321),
(967, 'Valentina López Vargas', 321),
(968, 'Miguel Morales Delgado', 322),
(969, 'Sara Delgado Guzmán', 322),
(970, 'Andrés Vargas Martínez', 322),
(971, 'Renata Sánchez Mendoza', 323),
(972, 'Javier Mendoza López', 323),
(973, 'Emilia Cervantes Fuentes', 323),
(974, 'Luis Rodríguez Paredes', 324),
(975, 'Daniela Silva Ramos', 324),
(976, 'Andrés López Vargas', 324),
(977, 'Isabel Morales Delgado', 325),
(978, 'José Delgado Guzmán', 325),
(979, 'Paula Vargas Martínez', 325),
(980, 'Diego Sánchez Mendoza', 326),
(981, 'Fernanda Mendoza López', 326),
(982, 'Carlos Cervantes Fuentes', 326),
(983, 'Camila Rodríguez Paredes', 327),
(984, 'Alejandro Silva Ramos', 327),
(985, 'Isabella López Vargas', 327),
(986, 'Miguel Morales Delgado', 328),
(987, 'Lorena Delgado Guzmán', 328),
(988, 'Alicia Vargas Martínez', 328),
(989, 'Diego Sánchez Mendoza', 329),
(990, 'Fernanda Mendoza López', 329),
(991, 'Manuel Cervantes Fuentes', 329),
(992, 'Camila Rodríguez Paredes', 330),
(993, 'Gabriel Silva Ramos', 330),
(994, 'Valentina López Vargas', 330),
(995, 'Miguel Morales Delgado', 331),
(996, 'Sara Delgado Guzmán', 331),
(997, 'Andrés Vargas Martínez', 331),
(998, 'Renata Sánchez Mendoza', 332),
(999, 'Javier Mendoza López', 332),
(1000, 'Emilia Cervantes Fuentes', 332),
(1001, 'Luis Rodríguez Paredes', 333),
(1002, 'Daniela Silva Ramos', 333),
(1003, 'Andrés López Vargas', 333),
(1004, 'Isabel Morales Delgado', 334),
(1005, 'José Delgado Guzmán', 334),
(1006, 'Paula Vargas Martínez', 334),
(1007, 'Diego Sánchez Mendoza', 335),
(1008, 'Fernanda Mendoza López', 335),
(1009, 'Carlos Cervantes Fuentes', 335),
(1010, 'Camila Rodríguez Paredes', 336),
(1011, 'Alejandro Silva Ramos', 336),
(1012, 'Isabella López Vargas', 336),
(1013, 'Miguel Morales Delgado', 337),
(1014, 'Lorena Delgado Guzmán', 337),
(1015, 'Alicia Vargas Martínez', 337),
(1016, 'Diego Sánchez Mendoza', 338),
(1017, 'Fernanda Mendoza López', 338),
(1018, 'Manuel Cervantes Fuentes', 338),
(1019, 'Camila Rodríguez Paredes', 339),
(1020, 'Gabriel Silva Ramos', 339),
(1021, 'Valentina López Vargas', 339),
(1022, 'Miguel Morales Delgado', 340),
(1023, 'Sara Delgado Guzmán', 340),
(1024, 'Andrés Vargas Martínez', 340),
(1025, 'Renata Sánchez Mendoza', 341),
(1026, 'Javier Mendoza López', 341),
(1027, 'Emilia Cervantes Fuentes', 341),
(1028, 'Luis Rodríguez Paredes', 342),
(1029, 'Daniela Silva Ramos', 342),
(1030, 'Andrés López Vargas', 342),
(1031, 'Isabel Morales Delgado', 343),
(1032, 'José Delgado Guzmán', 343),
(1033, 'Paula Vargas Martínez', 343),
(1034, 'Diego Sánchez Mendoza', 344),
(1035, 'Fernanda Mendoza López', 344),
(1036, 'Carlos Cervantes Fuentes', 344),
(1037, 'Camila Rodríguez Paredes', 345),
(1038, 'Alejandro Silva Ramos', 345),
(1039, 'Isabella López Vargas', 345),
(1040, 'Miguel Morales Delgado', 346),
(1041, 'Lorena Delgado Guzmán', 346),
(1042, 'Alicia Vargas Martínez', 346);

-- --------------------------------------------------------

--
-- Estructura de tabla para la tabla `comunas`
--

CREATE TABLE `comunas` (
  `id` int NOT NULL,
  `nombre` varchar(50) COLLATE utf8mb3_spanish2_ci NOT NULL,
  `region_id` int NOT NULL
) ENGINE=InnoDB DEFAULT CHARSET=utf8mb3 COLLATE=utf8mb3_spanish2_ci;

--
-- Volcado de datos para la tabla `comunas`
--

INSERT INTO `comunas` (`id`, `nombre`, `region_id`) VALUES
(1, 'Arica', 1),
(2, 'Camarones', 1),
(3, 'General Lagos', 1),
(4, 'Putre', 1),
(5, 'Alto Hospicio', 2),
(6, 'Camiña', 2),
(7, 'Colchane', 2),
(8, 'Huara', 2),
(9, 'Iquique', 2),
(10, 'Pica', 2),
(11, 'Pozo Almonte', 2),
(12, 'Antofagasta', 3),
(13, 'Calama', 3),
(14, 'María Elena', 3),
(15, 'Mejillones', 3),
(16, 'Ollagüe', 3),
(17, 'San Pedro de Atacama', 3),
(18, 'Sierra Gorda', 3),
(19, 'Taltal', 3),
(20, 'Tocopilla', 3),
(21, 'Alto del Carmen', 4),
(22, 'Caldera', 4),
(23, 'Chañaral', 4),
(24, 'Copiapó', 4),
(25, 'Diego de Almagro', 4),
(26, 'Freirina', 4),
(27, 'Huasco', 4),
(28, 'Tierra Amarilla', 4),
(29, 'Vallenar', 4),
(30, 'Andacollo', 5),
(31, 'Canela', 5),
(32, 'Combarbalá', 5),
(33, 'Coquimbo', 5),
(34, 'Illapel', 5),
(35, 'La Higuera', 5),
(36, 'La Serena', 5),
(37, 'Los Vilos', 5),
(38, 'Monte Patria', 5),
(39, 'Ovalle', 5),
(40, 'Paihuano', 5),
(41, 'Punitaqui', 5),
(42, 'Río Hurtado', 5),
(43, 'Salamanca', 5),
(44, 'Vicuña', 5),
(45, 'Algarrobo', 6),
(46, 'Cabildo', 6),
(47, 'Calera', 6),
(48, 'Calle Larga', 6),
(49, 'Cartagena', 6),
(50, 'Casablanca', 6),
(51, 'Catemu', 6),
(52, 'Concón', 6),
(53, 'El Quisco', 6),
(54, 'El Tabo', 6),
(55, 'Hijuelas', 6),
(56, 'Isla de Pascua', 6),
(57, 'Juan Fernández', 6),
(58, 'La Cruz', 6),
(59, 'La Ligua', 6),
(60, 'Limache', 6),
(61, 'Llaillay', 6),
(62, 'Los Andes', 6),
(63, 'Nogales', 6),
(64, 'Olmué', 6),
(65, 'Panquehue', 6),
(66, 'Papudo', 6),
(67, 'Petorca', 6),
(68, 'Puchuncaví', 6),
(69, 'Putaendo', 6),
(70, 'Quillota', 6),
(71, 'Quilpué', 6),
(72, 'Quintero', 6),
(73, 'Rinconada', 6),
(74, 'San Antonio', 6),
(75, 'San Esteban', 6),
(76, 'San Felipe', 6),
(77, 'Santa María', 6),
(78, 'Santo Domingo', 6),
(79, 'Valparaíso', 6),
(80, 'Villa Alemana', 6),
(81, 'Viña del Mar', 6),
(82, 'Zapallar', 6),
(83, 'Chépica', 7),
(84, 'Chimbarongo', 7),
(85, 'Codegua', 7),
(86, 'Coínco', 7),
(87, 'Coltauco', 7),
(88, 'Doñihue', 7),
(89, 'Graneros', 7),
(90, 'La Estrella', 7),
(91, 'Las Cabras', 7),
(92, 'Litueche', 7),
(93, 'Lolol', 7),
(94, 'Machalí', 7),
(95, 'Malloa', 7),
(96, 'Marchihue', 7),
(97, 'Mostazal', 7),
(98, 'Nancagua', 7),
(99, 'Navidad', 7),
(100, 'Olivar', 7),
(101, 'Palmilla', 7),
(102, 'Paredones', 7),
(103, 'Peralillo', 7),
(104, 'Peumo', 7),
(105, 'Pichidegua', 7),
(106, 'Pichilemu', 7),
(107, 'Placilla', 7),
(108, 'Pumanque', 7),
(109, 'Quinta de Tilcoco', 7),
(110, 'Rancagua', 7),
(111, 'Rengo', 7),
(112, 'Requínoa', 7),
(113, 'San Fernando', 7),
(114, 'Santa Cruz', 7),
(115, 'San Vicente', 7),
(116, 'Cauquenes', 8),
(117, 'Chanco', 8),
(118, 'Colbún', 8),
(119, 'Constitución', 8),
(120, 'Curepto', 8),
(121, 'Curicó', 8),
(122, 'Empedrado', 8),
(123, 'Hualañé', 8),
(124, 'Licantén', 8),
(125, 'Linares', 8),
(126, 'Longaví', 8),
(127, 'Maule', 8),
(128, 'Molina', 8),
(129, 'Parral', 8),
(130, 'Pelarco', 8),
(131, 'Pelluhue', 8),
(132, 'Pencahue', 8),
(133, 'Rauco', 8),
(134, 'Retiro', 8),
(135, 'Río Claro', 8),
(136, 'Romeral', 8),
(137, 'Sagrada Familia', 8),
(138, 'San Clemente', 8),
(139, 'San Javier', 8),
(140, 'San Rafael', 8),
(141, 'Talca', 8),
(142, 'Teno', 8),
(143, 'Vichuquén', 8),
(144, 'Villa Alegre', 8),
(145, 'Yerbas Buenas', 8),
(146, 'Bulnes', 9),
(147, 'Chillán', 9),
(148, 'Chillán Viejo', 9),
(149, 'Cobquecura', 9),
(150, 'Coelemu', 9),
(151, 'Coihueco', 9),
(152, 'El Carmen', 9),
(153, 'Ninhue', 9),
(154, 'Ñiquén', 9),
(155, 'Pemuco', 9),
(156, 'Pinto', 9),
(157, 'Portezuelo', 9),
(158, 'Quillón', 9),
(159, 'Quirihue', 9),
(160, 'Ránquil', 9),
(161, 'San Carlos', 9),
(162, 'San Fabián', 9),
(163, 'San Ignacio', 9),
(164, 'San Nicolás', 9),
(165, 'Treguaco', 9),
(166, 'Yungay', 9),
(167, 'Alto Biobío', 10),
(168, 'Antuco', 10),
(169, 'Arauco', 10),
(170, 'Cabrero', 10),
(171, 'Cañete', 10),
(172, 'Chiguayante', 10),
(173, 'Concepción', 10),
(174, 'Contulmo', 10),
(175, 'Coronel', 10),
(176, 'Curanilahue', 10),
(177, 'Florida', 10),
(178, 'Hualpén', 10),
(179, 'Hualqui', 10),
(180, 'Laja', 10),
(181, 'Lebu', 10),
(182, 'Los Alamos', 10),
(183, 'Los Angeles', 10),
(184, 'Lota', 10),
(185, 'Mulchén', 10),
(186, 'Nacimiento', 10),
(187, 'Negrete', 10),
(188, 'Penco', 10),
(189, 'Quilaco', 10),
(190, 'Quilleco', 10),
(191, 'San Pedro de la Paz', 10),
(192, 'San Rosendo', 10),
(193, 'Santa Bárbara', 10),
(194, 'Santa Juana', 10),
(195, 'Talcahuano', 10),
(196, 'Tirúa', 10),
(197, 'Tomé', 10),
(198, 'Tucapel', 10),
(199, 'Yumbel', 10),
(200, 'Angol', 11),
(201, 'Carahue', 11),
(202, 'Cholchol', 11),
(203, 'Collipulli', 11),
(204, 'Cunco', 11),
(205, 'Curacautín', 11),
(206, 'Curarrehue', 11),
(207, 'Ercilla', 11),
(208, 'Freire', 11),
(209, 'Galvarino', 11),
(210, 'Gorbea', 11),
(211, 'Lautaro', 11),
(212, 'Loncoche', 11),
(213, 'Lonquimay', 11),
(214, 'Los Sauces', 11),
(215, 'Lumaco', 11),
(216, 'Melipeuco', 11),
(217, 'Nueva Imperial', 11),
(218, 'Padre Las Casas', 11),
(219, 'Perquenco', 11),
(220, 'Pitrufquén', 11),
(221, 'Pucón', 11),
(222, 'Purén', 11),
(223, 'Renaico', 11),
(224, 'Saavedra', 11),
(225, 'Temuco', 11),
(226, 'Teodoro Schmidt', 11),
(227, 'Toltén', 11),
(228, 'Traiguén', 11),
(229, 'Victoria', 11),
(230, 'Vilcún', 11),
(231, 'Villarica', 11),
(232, 'Corral', 12),
(233, 'Futrono', 12),
(234, 'Lago Ranco', 12),
(235, 'Lanco', 12),
(236, 'La Unión', 12),
(237, 'Los Lagos', 12),
(238, 'Máfil', 12),
(239, 'Mariquina', 12),
(240, 'Paillaco', 12),
(241, 'Panguipulli', 12),
(242, 'Río Bueno', 12),
(243, 'Valdivia', 12),
(244, 'Ancud', 13),
(245, 'Calbuco', 13),
(246, 'Castro', 13),
(247, 'Chaitén', 13),
(248, 'Chonchi', 13),
(249, 'Cochamó', 13),
(250, 'Curaco de Vélez', 13),
(251, 'Dalcahue', 13),
(252, 'Fresia', 13),
(253, 'Frutillar', 13),
(254, 'Futaleufú', 13),
(255, 'Hualaihué', 13),
(256, 'Llanquihue', 13),
(257, 'Los Muermos', 13),
(258, 'Maullín', 13),
(259, 'Osorno', 13),
(260, 'Palena', 13),
(261, 'Puerto Montt', 13),
(262, 'Puerto Octay', 13),
(263, 'Puerto Varas', 13),
(264, 'Puqueldón', 13),
(265, 'Purranque', 13),
(266, 'Puyehue', 13),
(267, 'Queilén', 13),
(268, 'Quellón', 13),
(269, 'Quemchi', 13),
(270, 'Quinchao', 13),
(271, 'Río Negro', 13),
(272, 'San Juan de la Costa', 13),
(273, 'San Pablo', 13),
(274, 'Aysén', 14),
(275, 'Chile Chico', 14),
(276, 'Cisnes', 14),
(277, 'Cochrane', 14),
(278, 'Coyhaique', 14),
(279, 'Guaitecas', 14),
(280, 'Lago Verde', 14),
(281, 'O\'hHiggins', 14),
(282, 'Río Ibáñez', 14),
(283, 'Tortel', 14),
(284, 'Antártica', 15),
(285, 'Cabo de Hornos', 15),
(286, 'Laguna Blanca', 15),
(287, 'Natales', 15),
(288, 'Porvenir', 15),
(289, 'Primavera', 15),
(290, 'Punta Arenas', 15),
(291, 'Río Verde', 15),
(292, 'San Gregorio', 15),
(293, 'Timaukel', 15),
(294, 'Torres del Paine', 15),
(295, 'Alhué', 16),
(296, 'Buin', 16),
(297, 'Calera de Tango', 16),
(298, 'Cerrillos', 16),
(299, 'Cerro Navia', 16),
(300, 'Colina', 16),
(301, 'Conchalí', 16),
(302, 'Curacaví', 16),
(303, 'El Bosque', 16),
(304, 'El Monte', 16),
(305, 'Estación Central', 16),
(306, 'Huechuraba', 16),
(307, 'Independencia', 16),
(308, 'Isla del Maipo', 16),
(309, 'La Cisterna', 16),
(310, 'La Florida', 16),
(311, 'La Granja', 16),
(312, 'Lampa', 16),
(313, 'La Pintana', 16),
(314, 'La Reina', 16),
(315, 'Las Condes', 16),
(316, 'Lo Barnechea', 16),
(317, 'Lo Espejo', 16),
(318, 'Lo Prado', 16),
(319, 'Macul', 16),
(320, 'Maipú', 16),
(321, 'María Pinto', 16),
(322, 'Melipilla', 16),
(323, 'Ñuñoa', 16),
(324, 'Padre Hurtado', 16),
(325, 'Paine', 16),
(326, 'Pedro Aguirre Cerda', 16),
(327, 'Peñaflor', 16),
(328, 'Peñalolén', 16),
(329, 'Pirque', 16),
(330, 'Providencia', 16),
(331, 'Pudahuel', 16),
(332, 'Puente Alto', 16),
(333, 'Quilicura', 16),
(334, 'Quinta Normal', 16),
(335, 'Recoleta', 16),
(336, 'Renca', 16),
(337, 'San Bernardo', 16),
(338, 'San Joaquín', 16),
(339, 'San José de Maipo', 16),
(340, 'San Miguel', 16),
(341, 'San Pedro', 16),
(342, 'San Ramón', 16),
(343, 'Santiago', 16),
(344, 'Talagante', 16),
(345, 'Tiltil', 16),
(346, 'Vitacura', 16);

-- --------------------------------------------------------

--
-- Estructura de tabla para la tabla `regiones`
--

CREATE TABLE `regiones` (
  `id` int NOT NULL,
  `nombre` varchar(50) COLLATE utf8mb3_spanish2_ci NOT NULL
) ENGINE=InnoDB DEFAULT CHARSET=utf8mb3 COLLATE=utf8mb3_spanish2_ci;

--
-- Volcado de datos para la tabla `regiones`
--

INSERT INTO `regiones` (`id`, `nombre`) VALUES
(1, 'Arica y Parinacota'),
(2, 'Tarapacá'),
(3, 'Antofagasta'),
(4, 'Atacama'),
(5, 'Coquimbo'),
(6, 'Valparaíso'),
(7, 'Libertador General Bernardo O\'Higgins'),
(8, 'Maule'),
(9, 'Ñuble'),
(10, 'Biobío'),
(11, 'La Araucanía'),
(12, 'Los Ríos'),
(13, 'Los Lagos'),
(14, 'Aysén del G. Carlos Ibáñez del Campo'),
(15, 'Magallanes y de la Antártica Chilena'),
(16, 'Metropolitana de Santiago');

-- --------------------------------------------------------

--
-- Estructura de tabla para la tabla `votantes`
--

CREATE TABLE `votantes` (
  `id` int NOT NULL,
  `nombre_apellido` varchar(100) COLLATE utf8mb3_spanish2_ci NOT NULL,
  `alias` varchar(20) COLLATE utf8mb3_spanish2_ci NOT NULL,
  `rut` varchar(12) COLLATE utf8mb3_spanish2_ci NOT NULL,
  `email` varchar(100) COLLATE utf8mb3_spanish2_ci NOT NULL,
  `region_id` int NOT NULL,
  `comuna_id` int NOT NULL,
  `candidato` varchar(100) CHARACTER SET utf8mb3 COLLATE utf8mb3_spanish2_ci NOT NULL,
  `web` tinyint(1) NOT NULL DEFAULT '0',
  `tv` tinyint(1) NOT NULL DEFAULT '0',
  `redes_sociales` tinyint(1) NOT NULL DEFAULT '0',
  `amigo` tinyint(1) NOT NULL DEFAULT '0'
) ENGINE=InnoDB DEFAULT CHARSET=utf8mb3 COLLATE=utf8mb3_spanish2_ci;

--
-- Volcado de datos para la tabla `votantes`
--

INSERT INTO `votantes` (`id`, `nombre_apellido`, `alias`, `rut`, `email`, `region_id`, `comuna_id`, `candidato`, `web`, `tv`, `redes_sociales`, `amigo`) VALUES
(1, 'dfgh', 'fghgfdh4', '138393194', 'maatiaasbkn2@gmail.com', 2, 6, 'Socorro Ares Otero', 1, 1, 0, 0);

--
-- Índices para tablas volcadas
--

--
-- Indices de la tabla `candidatos`
--
ALTER TABLE `candidatos`
  ADD PRIMARY KEY (`id`),
  ADD KEY `comuna_id` (`comuna_id`);

--
-- Indices de la tabla `comunas`
--
ALTER TABLE `comunas`
  ADD PRIMARY KEY (`id`),
  ADD KEY `region_id` (`region_id`);

--
-- Indices de la tabla `regiones`
--
ALTER TABLE `regiones`
  ADD PRIMARY KEY (`id`);

--
-- Indices de la tabla `votantes`
--
ALTER TABLE `votantes`
  ADD PRIMARY KEY (`id`),
  ADD UNIQUE KEY `rut` (`rut`),
  ADD KEY `region_id` (`region_id`),
  ADD KEY `comuna_id` (`comuna_id`);

--
-- AUTO_INCREMENT de las tablas volcadas
--

--
-- AUTO_INCREMENT de la tabla `candidatos`
--
ALTER TABLE `candidatos`
  MODIFY `id` int NOT NULL AUTO_INCREMENT, AUTO_INCREMENT=1043;

--
-- AUTO_INCREMENT de la tabla `comunas`
--
ALTER TABLE `comunas`
  MODIFY `id` int NOT NULL AUTO_INCREMENT, AUTO_INCREMENT=347;

--
-- AUTO_INCREMENT de la tabla `regiones`
--
ALTER TABLE `regiones`
  MODIFY `id` int NOT NULL AUTO_INCREMENT, AUTO_INCREMENT=17;

--
-- AUTO_INCREMENT de la tabla `votantes`
--
ALTER TABLE `votantes`
  MODIFY `id` int NOT NULL AUTO_INCREMENT, AUTO_INCREMENT=2;

--
-- Restricciones para tablas volcadas
--

--
-- Filtros para la tabla `candidatos`
--
ALTER TABLE `candidatos`
  ADD CONSTRAINT `candidatos_ibfk_1` FOREIGN KEY (`comuna_id`) REFERENCES `comunas` (`id`);

--
-- Filtros para la tabla `comunas`
--
ALTER TABLE `comunas`
  ADD CONSTRAINT `comunas_ibfk_1` FOREIGN KEY (`region_id`) REFERENCES `regiones` (`id`);

--
-- Filtros para la tabla `votantes`
--
ALTER TABLE `votantes`
  ADD CONSTRAINT `votantes_ibfk_1` FOREIGN KEY (`region_id`) REFERENCES `regiones` (`id`),
  ADD CONSTRAINT `votantes_ibfk_2` FOREIGN KEY (`comuna_id`) REFERENCES `comunas` (`id`);
COMMIT;

/*!40101 SET CHARACTER_SET_CLIENT=@OLD_CHARACTER_SET_CLIENT */;
/*!40101 SET CHARACTER_SET_RESULTS=@OLD_CHARACTER_SET_RESULTS */;
/*!40101 SET COLLATION_CONNECTION=@OLD_COLLATION_CONNECTION */;
